{"benchmark/bs64/input_mb_per_batch":6,"best/epoch":2,"benchmark/bs256/samples":128,"trimmed_val/acc5":0.0304,"benchmark/bs64/coeff_channels":16,"benchmark/bs32/measured_batches":1,"benchmark/bs256/coeff_channels":16,"benchmark/bs128/peak_memory_mb":1034.41796875,"_timestamp":1.765967726866207e+09,"benchmark/bs1/peak_memory_mb":368.69140625,"benchmark/bs64/mean_latency_ms":23.920332023408264,"warmup_factor":1,"epoch":4,"_step":3,"gpu/peak_mem_mb":8412.00732421875,"benchmark/bs8/samples":88,"benchmark/bs256/mean_latency_ms":50.03411800134927,"benchmark/bs32/mean_latency_ms":8.83156101917848,"benchmark/bs64/samples":64,"benchmark/bs128/samples":128,"benchmark/bs32/peak_memory_mb":526.7900390625,"benchmark/bs8/peak_memory_mb":399.9794921875,"val/acc5":0.0226,"benchmark/bs128/input_mb_per_batch":12,"benchmark/bs32/samples":32,"_wandb":{"runtime":386},"benchmark/bs32/coeff_channels":16,"benchmark/bs256/throughput_img_s":2558.254349493044,"trimmed_val/acc1":0.0086,"benchmark/bs8/mean_latency_ms":3.834021822761067,"benchmark/bs64/measured_batches":1,"benchmark/bs8/throughput_img_s":2086.581759265733,"benchmark/bs64/throughput_img_s":2675.5481461281584,"benchmark/bs1/measured_batches":20,"benchmark/bs8/coeff_channels":16,"benchmark/bs256/measured_batches":1,"benchmark/bs1/samples":20,"best/acc5":0.027,"lr_next":0.05,"best/acc1":0.0078,"train/acc1":0.02137419871794872,"benchmark/bs128/coeff_channels":16,"benchmark/bs1/mean_latency_ms":1.9872844510246068,"benchmark/bs64/peak_memory_mb":696.662109375,"benchmark/bs256/peak_memory_mb":1034.41796875,"train/loss":6.104732449849447,"lr":0.05,"benchmark/bs128/throughput_img_s":2467.7093496815237,"val/acc1":0.005,"_runtime":386,"benchmark/bs8/measured_batches":11,"benchmark/bs32/throughput_img_s":3623.3684996921043,"train/acc5":0.07215544871794871,"benchmark/bs1/throughput_img_s":503.1992272089779,"benchmark/bs32/input_mb_per_batch":3,"benchmark/bs1/coeff_channels":16,"benchmark/bs1/input_mb_per_batch":0.09375,"benchmark/bs128/measured_batches":1,"benchmark/bs8/input_mb_per_batch":0.75,"val/loss":7.164268440246582,"trimmed_val/loss":7.127036060333252,"benchmark/bs128/mean_latency_ms":51.86996597331017,"benchmark/bs256/input_mb_per_batch":12}