{"best/acc1":0.0184,"_wandb":{"runtime":759},"benchmark/bs8/coeff_channels":16,"benchmark/bs256/mean_latency_ms":50.744385982397944,"trimmed_val/loss":8.948757669067383,"benchmark/bs8/mean_latency_ms":2.6651221824894575,"epoch":6,"benchmark/bs32/samples":32,"benchmark/bs256/throughput_img_s":2522.44652333364,"benchmark/bs32/mean_latency_ms":8.744512975681573,"val/acc1":0.0024,"benchmark/bs8/input_mb_per_batch":0.75,"benchmark/bs1/peak_memory_mb":368.69140625,"_step":5,"benchmark/bs64/throughput_img_s":2732.0856572426833,"val/loss":9.965892199707032,"benchmark/bs128/measured_batches":1,"benchmark/bs32/input_mb_per_batch":3,"benchmark/bs1/mean_latency_ms":1.883202651515603,"benchmark/bs64/samples":64,"benchmark/bs8/measured_batches":11,"lr":0.05,"best/epoch":5,"train/loss":5.792974317990817,"train/acc5":0.10979567307692308,"benchmark/bs8/peak_memory_mb":399.9794921875,"benchmark/bs256/samples":128,"benchmark/bs32/throughput_img_s":3659.4376483849665,"benchmark/bs128/coeff_channels":16,"benchmark/bs1/throughput_img_s":531.0102973756963,"lr_next":0.05,"warmup_factor":1,"benchmark/bs128/mean_latency_ms":51.446116995066404,"benchmark/bs64/measured_batches":1,"benchmark/bs1/measured_batches":20,"train/acc1":0.03397435897435897,"benchmark/bs256/coeff_channels":16,"benchmark/bs32/coeff_channels":16,"benchmark/bs32/peak_memory_mb":526.7900390625,"benchmark/bs128/throughput_img_s":2488.040059705089,"benchmark/bs128/samples":128,"benchmark/bs128/peak_memory_mb":1034.41796875,"benchmark/bs1/samples":20,"gpu/peak_mem_mb":8412.00732421875,"best/acc5":0.0672,"benchmark/bs128/input_mb_per_batch":12,"benchmark/bs256/measured_batches":1,"trimmed_val/acc1":0.0066,"benchmark/bs8/throughput_img_s":3001.7385516364207,"benchmark/bs64/peak_memory_mb":696.662109375,"benchmark/bs64/mean_latency_ms":23.425327031873167,"benchmark/bs256/peak_memory_mb":1034.41796875,"benchmark/bs1/input_mb_per_batch":0.09375,"benchmark/bs64/input_mb_per_batch":6,"benchmark/bs64/coeff_channels":16,"benchmark/bs1/coeff_channels":16,"benchmark/bs256/input_mb_per_batch":12,"val/acc5":0.011,"benchmark/bs32/measured_batches":1,"trimmed_val/acc5":0.0202,"_runtime":759,"_timestamp":1.7659698117378173e+09,"benchmark/bs8/samples":88}