{"benchmark/bs256/throughput_img_s":2555.7527980234495,"benchmark/bs8/throughput_img_s":3021.980834714026,"benchmark/bs8/peak_memory_mb":399.9794921875,"benchmark/bs32/input_mb_per_batch":3,"trimmed_val/loss":6.605813094329834,"benchmark/bs32/samples":32,"benchmark/bs64/mean_latency_ms":22.65561302192509,"benchmark/bs64/measured_batches":1,"_timestamp":1.765966765128792e+09,"lr_next":0.05,"benchmark/bs128/input_mb_per_batch":12,"benchmark/bs8/measured_batches":11,"benchmark/bs32/coeff_channels":16,"val/acc1":0.021,"lr":0.05,"benchmark/bs1/coeff_channels":16,"best/acc5":0.0654,"benchmark/bs128/mean_latency_ms":49.364337988663465,"benchmark/bs1/input_mb_per_batch":0.09375,"best/acc1":0.021,"warmup_factor":1,"benchmark/bs128/samples":128,"benchmark/bs1/throughput_img_s":430.7867425784718,"trimmed_val/acc1":0.017,"benchmark/bs8/samples":88,"trimmed_val/acc5":0.0606,"benchmark/bs1/samples":20,"benchmark/bs8/input_mb_per_batch":0.75,"benchmark/bs32/peak_memory_mb":526.7900390625,"benchmark/bs1/mean_latency_ms":2.3213342035887763,"benchmark/bs64/coeff_channels":16,"val/acc5":0.0654,"benchmark/bs32/measured_batches":1,"benchmark/bs8/mean_latency_ms":2.647270263299685,"benchmark/bs256/mean_latency_ms":50.083091016858816,"benchmark/bs256/coeff_channels":16,"_step":1,"benchmark/bs128/peak_memory_mb":1034.41796875,"benchmark/bs1/peak_memory_mb":368.69140625,"benchmark/bs64/samples":64,"benchmark/bs256/input_mb_per_batch":12,"benchmark/bs32/throughput_img_s":3670.575479777533,"benchmark/bs128/throughput_img_s":2592.9649867763897,"_runtime":189,"train/acc5":0.11378205128205128,"benchmark/bs256/measured_batches":1,"benchmark/bs256/peak_memory_mb":1034.41796875,"best/epoch":6,"benchmark/bs64/throughput_img_s":2824.907008168954,"train/acc1":0.03609775641025641,"benchmark/bs32/mean_latency_ms":8.717979013454169,"benchmark/bs64/input_mb_per_batch":6,"benchmark/bs256/samples":128,"benchmark/bs128/coeff_channels":16,"gpu/peak_mem_mb":8412.00732421875,"_wandb":{"runtime":189},"val/loss":6.597246725463867,"benchmark/bs64/peak_memory_mb":696.662109375,"epoch":6,"benchmark/bs8/coeff_channels":16,"benchmark/bs128/measured_batches":1,"benchmark/bs1/measured_batches":20,"train/loss":5.780054794213711}