{"benchmark/bs8/mean_latency_ms":3.1634511066262014,"gpu/peak_mem_mb":8329.6630859375,"benchmark/bs1/samples":20,"benchmark/bs32/mean_latency_ms":8.781053009442985,"benchmark/bs1/peak_memory_mb":284.89404296875,"trimmed_val/acc5":0.032,"benchmark/bs64/throughput_img_s":3053.9074790586446,"benchmark/bs256/input_mb_per_batch":12,"benchmark/bs8/coeff_channels":16,"warmup_factor":1,"benchmark/bs8/measured_batches":11,"benchmark/bs32/peak_memory_mb":443.99267578125,"benchmark/bs256/samples":128,"best/epoch":1,"_runtime":380,"benchmark/bs256/mean_latency_ms":49.856722995173186,"train/acc1":0.01360176282051282,"benchmark/bs32/throughput_img_s":3644.2098647608414,"lr":0.05,"benchmark/bs256/peak_memory_mb":952.62060546875,"benchmark/bs64/peak_memory_mb":612.61474609375,"benchmark/bs8/samples":88,"benchmark/bs1/measured_batches":20,"_timestamp":1.7659690293052685e+09,"benchmark/bs64/samples":64,"val/acc1":0.0054,"benchmark/bs64/coeff_channels":16,"benchmark/bs32/coeff_channels":16,"benchmark/bs128/measured_batches":1,"_step":2,"benchmark/bs256/measured_batches":1,"trimmed_val/acc1":0.0112,"benchmark/bs1/throughput_img_s":571.6796678666246,"benchmark/bs8/throughput_img_s":2528.8837191898133,"benchmark/bs64/mean_latency_ms":20.956758002284914,"benchmark/bs1/coeff_channels":16,"_wandb":{"runtime":380},"trimmed_val/loss":7.321270901489258,"benchmark/bs256/coeff_channels":16,"benchmark/bs1/mean_latency_ms":1.749231354915537,"benchmark/bs64/measured_batches":1,"benchmark/bs128/peak_memory_mb":952.62060546875,"benchmark/bs128/input_mb_per_batch":12,"benchmark/bs32/samples":32,"benchmark/bs128/coeff_channels":16,"benchmark/bs64/input_mb_per_batch":6,"benchmark/bs32/input_mb_per_batch":3,"benchmark/bs128/throughput_img_s":2497.1510046025937,"benchmark/bs8/peak_memory_mb":318.93212890625,"train/acc5":0.05148237179487179,"benchmark/bs256/throughput_img_s":2567.3568640360127,"benchmark/bs8/input_mb_per_batch":0.75,"val/loss":7.466809097290039,"best/acc5":0.0222,"best/acc1":0.0068,"train/loss":6.302004953531118,"benchmark/bs128/mean_latency_ms":51.258413994219154,"benchmark/bs32/measured_batches":1,"benchmark/bs1/input_mb_per_batch":0.09375,"val/acc5":0.024,"benchmark/bs128/samples":128,"lr_next":0.05,"epoch":3}