{"benchmark/bs128/peak_memory_mb":952.62060546875,"benchmark/bs64/peak_memory_mb":612.61474609375,"benchmark/bs1/peak_memory_mb":284.89404296875,"best/acc1":0.0078,"benchmark/bs8/mean_latency_ms":3.0353119152344084,"benchmark/bs256/mean_latency_ms":50.02168199280277,"benchmark/bs8/peak_memory_mb":318.93212890625,"train/acc5":0.0366386217948718,"val/loss":7.001855708312989,"benchmark/bs128/input_mb_per_batch":12,"benchmark/bs256/input_mb_per_batch":12,"benchmark/bs1/samples":20,"benchmark/bs128/coeff_channels":16,"benchmark/bs256/measured_batches":1,"best/epoch":1,"benchmark/bs1/mean_latency_ms":2.5894616439472884,"lr_next":0.05,"benchmark/bs32/mean_latency_ms":8.77201498951763,"benchmark/bs256/coeff_channels":16,"benchmark/bs256/peak_memory_mb":952.62060546875,"_runtime":191,"benchmark/bs1/input_mb_per_batch":0.09375,"benchmark/bs32/peak_memory_mb":443.99267578125,"benchmark/bs8/coeff_channels":16,"benchmark/bs64/input_mb_per_batch":6,"benchmark/bs128/measured_batches":1,"train/loss":6.511629493419941,"benchmark/bs64/throughput_img_s":2842.4173573980174,"_step":1,"benchmark/bs64/samples":64,"benchmark/bs256/samples":128,"benchmark/bs128/samples":128,"benchmark/bs32/samples":32,"benchmark/bs1/measured_batches":20,"train/acc1":0.008673878205128206,"benchmark/bs8/measured_batches":11,"benchmark/bs8/input_mb_per_batch":0.75,"best/acc5":0.0286,"benchmark/bs64/mean_latency_ms":22.51604601042345,"val/acc5":0.0212,"benchmark/bs128/throughput_img_s":2363.706774468585,"benchmark/bs32/throughput_img_s":3647.964582623185,"trimmed_val/acc1":0.0052,"val/acc1":0.0042,"trimmed_val/acc5":0.0214,"benchmark/bs32/measured_batches":1,"benchmark/bs32/coeff_channels":16,"benchmark/bs8/samples":88,"epoch":2,"benchmark/bs64/measured_batches":1,"_wandb":{"runtime":191},"warmup_factor":1,"benchmark/bs32/input_mb_per_batch":3,"gpu/peak_mem_mb":8329.6630859375,"lr":0.05,"benchmark/bs1/throughput_img_s":386.18065741094875,"_timestamp":1.7659659094150758e+09,"benchmark/bs128/mean_latency_ms":54.1522330022417,"benchmark/bs256/throughput_img_s":2558.8903631512617,"benchmark/bs64/coeff_channels":16,"benchmark/bs1/coeff_channels":16,"trimmed_val/loss":6.990125199890136,"benchmark/bs8/throughput_img_s":2635.6434605114323}