{"lr_next":0.05,"trimmed_val/loss":6.832887896728516,"benchmark/bs8/mean_latency_ms":2.7467231795361093,"lr":0.05,"benchmark/bs32/coeff_channels":16,"benchmark/bs128/mean_latency_ms":52.74304002523422,"train/loss":6.531764561090714,"_runtime":191,"warmup_factor":1,"benchmark/bs256/measured_batches":1,"gpu/peak_mem_mb":8329.6630859375,"best/acc1":0.0078,"val/acc5":0.027,"benchmark/bs128/coeff_channels":16,"benchmark/bs8/measured_batches":11,"benchmark/bs128/input_mb_per_batch":12,"benchmark/bs64/samples":64,"benchmark/bs128/throughput_img_s":2426.8604907635217,"benchmark/bs64/throughput_img_s":2960.511905615129,"val/acc1":0.0078,"epoch":2,"benchmark/bs256/throughput_img_s":2684.6027218966287,"benchmark/bs64/mean_latency_ms":21.617883001454175,"benchmark/bs32/peak_memory_mb":443.99267578125,"benchmark/bs32/throughput_img_s":3654.2019553798445,"benchmark/bs128/measured_batches":1,"benchmark/bs8/peak_memory_mb":318.93212890625,"benchmark/bs256/peak_memory_mb":952.62060546875,"val/loss":6.815785243225098,"benchmark/bs1/mean_latency_ms":2.029177255462855,"benchmark/bs256/input_mb_per_batch":12,"benchmark/bs128/samples":128,"trimmed_val/acc1":0.0078,"benchmark/bs128/peak_memory_mb":952.62060546875,"benchmark/bs256/samples":128,"benchmark/bs32/measured_batches":1,"benchmark/bs1/peak_memory_mb":284.89404296875,"benchmark/bs64/peak_memory_mb":612.61474609375,"train/acc1":0.00845352564102564,"benchmark/bs8/input_mb_per_batch":0.75,"_step":1,"benchmark/bs8/throughput_img_s":2912.5614330567923,"benchmark/bs1/samples":20,"benchmark/bs64/input_mb_per_batch":6,"benchmark/bs1/throughput_img_s":492.8105700514074,"_timestamp":1.765967482965388e+09,"best/acc5":0.027,"benchmark/bs8/coeff_channels":16,"benchmark/bs64/measured_batches":1,"trimmed_val/acc5":0.0282,"benchmark/bs32/input_mb_per_batch":3,"benchmark/bs32/mean_latency_ms":8.757042000070214,"benchmark/bs8/samples":88,"benchmark/bs256/mean_latency_ms":47.67930798698217,"best/epoch":2,"train/acc5":0.035396634615384615,"benchmark/bs32/samples":32,"benchmark/bs1/measured_batches":20,"benchmark/bs64/coeff_channels":16,"benchmark/bs1/coeff_channels":16,"benchmark/bs256/coeff_channels":16,"_wandb":{"runtime":191},"benchmark/bs1/input_mb_per_batch":0.09375}