{"benchmark/bs32/input_mb_per_batch":3,"benchmark/bs256/samples":128,"benchmark/bs128/throughput_img_s":2419.8065237712117,"benchmark/bs1/peak_memory_mb":368.69140625,"best/epoch":4,"benchmark/bs8/peak_memory_mb":399.9794921875,"best/acc5":0.0404,"_wandb":{"runtime":192},"benchmark/bs128/input_mb_per_batch":12,"benchmark/bs64/measured_batches":1,"train/acc5":0.07387820512820513,"lr_next":0.05,"_step":1,"_timestamp":1.7659662305805674e+09,"benchmark/bs1/coeff_channels":16,"val/loss":6.622009380340576,"benchmark/bs1/measured_batches":20,"train/loss":6.10202118066641,"gpu/peak_mem_mb":8412.00732421875,"benchmark/bs8/measured_batches":11,"trimmed_val/acc5":0.0452,"benchmark/bs8/mean_latency_ms":2.678796368524093,"trimmed_val/loss":6.640432740783692,"benchmark/bs64/coeff_channels":16,"benchmark/bs128/measured_batches":1,"epoch":4,"benchmark/bs1/input_mb_per_batch":0.09375,"benchmark/bs256/measured_batches":1,"val/acc1":0.0126,"benchmark/bs64/samples":64,"benchmark/bs8/throughput_img_s":2986.4158746816843,"benchmark/bs64/throughput_img_s":3048.911636645363,"benchmark/bs8/input_mb_per_batch":0.75,"benchmark/bs1/throughput_img_s":490.8613508999529,"benchmark/bs128/coeff_channels":16,"benchmark/bs32/peak_memory_mb":526.7900390625,"benchmark/bs256/mean_latency_ms":48.92231698613614,"benchmark/bs32/samples":32,"val/acc5":0.0404,"benchmark/bs8/samples":88,"benchmark/bs128/peak_memory_mb":1034.41796875,"_runtime":192,"benchmark/bs64/input_mb_per_batch":6,"benchmark/bs256/coeff_channels":16,"benchmark/bs128/samples":128,"benchmark/bs64/peak_memory_mb":696.662109375,"trimmed_val/acc1":0.012,"train/acc1":0.021274038461538462,"best/acc1":0.0126,"benchmark/bs8/coeff_channels":16,"benchmark/bs32/throughput_img_s":3654.1965145814693,"benchmark/bs256/peak_memory_mb":1034.41796875,"benchmark/bs128/mean_latency_ms":52.896791021339595,"benchmark/bs64/mean_latency_ms":20.991097029764205,"benchmark/bs256/input_mb_per_batch":12,"lr":0.05,"benchmark/bs32/measured_batches":1,"benchmark/bs1/mean_latency_ms":2.0372351544210687,"benchmark/bs32/mean_latency_ms":8.757055038586259,"benchmark/bs1/samples":20,"benchmark/bs256/throughput_img_s":2616.3928424786855,"warmup_factor":1,"benchmark/bs32/coeff_channels":16}